﻿<process name="Gmail Launch" version="1.0" bpversion="6.4.0.8445" narrative="" byrefcollection="true" type="object" runmode="Exclusive" preferredid="a4ac1ad3-949e-4dd3-b5e6-7c784515fae2">
  <appdef>
    <element name="Gmail Launch">
      <id>ac03dfcc-5864-4bf4-b97c-1ed2d58643cb</id>
      <element name="Username-Text-Html">
        <id>e09ce6d8-e056-409e-962d-0c058b836545</id>
        <type>HTML</type>
        <basetype>HTML</basetype>
        <datatype>text</datatype>
        <diagnose>False</diagnose>
        <attributes>
          <attribute name="X">
            <ProcessValue datatype="number" value="2" />
          </attribute>
          <attribute name="Y">
            <ProcessValue datatype="number" value="2" />
          </attribute>
          <attribute name="Width">
            <ProcessValue datatype="number" value="364" />
          </attribute>
          <attribute name="Height">
            <ProcessValue datatype="number" value="52" />
          </attribute>
          <attribute name="Path" inuse="True">
            <ProcessValue datatype="text" value="/HTML/BODY(1)/DIV(1)/DIV(1)/DIV(2)/DIV(2)/DIV(1)/DIV(1)/DIV(2)/DIV(1)/DIV(1)/DIV(1)/FORM(1)/SPAN(1)/SECTION(1)/DIV(1)/DIV(1)/DIV(1)/DIV(1)/DIV(1)/DIV(1)/DIV(1)/INPUT(1)" />
          </attribute>
          <attribute name="TagName" inuse="True">
            <ProcessValue datatype="text" value="INPUT" />
          </attribute>
          <attribute name="ClassName" inuse="True">
            <ProcessValue datatype="text" value="whsOnd zHQkBf" />
          </attribute>
          <attribute name="ID" inuse="True">
            <ProcessValue datatype="text" value="identifierId" />
          </attribute>
          <attribute name="Title" inuse="True">
            <ProcessValue datatype="text" value="" />
          </attribute>
          <attribute name="Link" inuse="True">
            <ProcessValue datatype="text" value="" />
          </attribute>
          <attribute name="InputType" inuse="True">
            <ProcessValue datatype="text" value="email" />
          </attribute>
          <attribute name="InputIdentifier2" inuse="True">
            <ProcessValue datatype="text" value="identifier" />
          </attribute>
          <attribute name="AncestorCount">
            <ProcessValue datatype="number" value="22" />
          </attribute>
          <attribute name="Value">
            <ProcessValue datatype="text" value="" />
          </attribute>
          <attribute name="Enabled" inuse="True">
            <ProcessValue datatype="flag" value="True" />
          </attribute>
          <attribute name="Checked">
            <ProcessValue datatype="flag" value="False" />
          </attribute>
          <attribute name="pURL" inuse="True">
            <ProcessValue datatype="text" value="https://accounts.google.com/signin/v2/identifier?continue=https%3A%2F%2Fmail.google.com%2Fmail%2F&amp;service=mail&amp;sacu=1&amp;rip=1&amp;flowName=GlifWebSignIn&amp;flowEntry=ServiceLogin" />
          </attribute>
          <attribute name="ScreenBounds">
            <ProcessValue datatype="text" value="RECT:500,294,348,866" />
          </attribute>
          <attribute name="MatchIndex">
            <ProcessValue datatype="number" value="1" />
          </attribute>
          <attribute name="MatchReverse">
            <ProcessValue datatype="flag" value="True" />
          </attribute>
        </attributes>
      </element>
      <element name="Next-Button-Html">
        <id>f9ac26dc-f453-4bb6-8848-543cc98b1f45</id>
        <type>HTML</type>
        <basetype>HTML</basetype>
        <datatype>text</datatype>
        <diagnose>False</diagnose>
        <attributes>
          <attribute name="X">
            <ProcessValue datatype="number" value="0" />
          </attribute>
          <attribute name="Y">
            <ProcessValue datatype="number" value="0" />
          </attribute>
          <attribute name="Width">
            <ProcessValue datatype="number" value="88" />
          </attribute>
          <attribute name="Height">
            <ProcessValue datatype="number" value="36" />
          </attribute>
          <attribute name="Path" inuse="True">
            <ProcessValue datatype="text" value="/HTML/BODY(1)/DIV(1)/DIV(1)/DIV(2)/DIV(2)/DIV(1)/DIV(1)/DIV(2)/DIV(1)/DIV(2)/DIV(1)/DIV(1)/DIV(1)/DIV(2)" />
          </attribute>
          <attribute name="TagName" inuse="True">
            <ProcessValue datatype="text" value="DIV" />
          </attribute>
          <attribute name="ClassName" inuse="True">
            <ProcessValue datatype="text" value="ZFr60d CeoRYc" />
          </attribute>
          <attribute name="ID">
            <ProcessValue datatype="text" value="" />
          </attribute>
          <attribute name="Title">
            <ProcessValue datatype="text" value="" />
          </attribute>
          <attribute name="Link">
            <ProcessValue datatype="text" value="" />
          </attribute>
          <attribute name="InputType">
            <ProcessValue datatype="text" value="" />
          </attribute>
          <attribute name="InputIdentifier2">
            <ProcessValue datatype="text" value="" />
          </attribute>
          <attribute name="AncestorCount">
            <ProcessValue datatype="number" value="14" />
          </attribute>
          <attribute name="Value">
            <ProcessValue datatype="text" value="" />
          </attribute>
          <attribute name="Enabled" inuse="True">
            <ProcessValue datatype="flag" value="True" />
          </attribute>
          <attribute name="Checked">
            <ProcessValue datatype="flag" value="False" />
          </attribute>
          <attribute name="pURL" inuse="True">
            <ProcessValue datatype="text" value="https://accounts.google.com/signin/v2/identifier?continue=https%3A%2F%2Fmail.google.com%2Fmail%2F&amp;service=mail&amp;sacu=1&amp;rip=1&amp;flowName=GlifWebSignIn&amp;flowEntry=ServiceLogin" />
          </attribute>
          <attribute name="ScreenBounds">
            <ProcessValue datatype="text" value="RECT:779,497,533,867" />
          </attribute>
          <attribute name="MatchIndex">
            <ProcessValue datatype="number" value="1" />
          </attribute>
          <attribute name="MatchReverse">
            <ProcessValue datatype="flag" value="True" />
          </attribute>
        </attributes>
      </element>
      <element name="Passoword-Text-Html">
        <id>d1ede43e-086e-47f9-b6cd-9a3e2db4cdef</id>
        <type>HTML</type>
        <basetype>HTML</basetype>
        <datatype>text</datatype>
        <diagnose>False</diagnose>
        <attributes>
          <attribute name="X">
            <ProcessValue datatype="number" value="2" />
          </attribute>
          <attribute name="Y">
            <ProcessValue datatype="number" value="2" />
          </attribute>
          <attribute name="Width">
            <ProcessValue datatype="number" value="314" />
          </attribute>
          <attribute name="Height">
            <ProcessValue datatype="number" value="52" />
          </attribute>
          <attribute name="Path" inuse="True">
            <ProcessValue datatype="text" value="/HTML/BODY(1)/DIV(1)/DIV(1)/DIV(2)/DIV(2)/DIV(1)/DIV(1)/DIV(2)/DIV(1)/DIV(1)/DIV(1)/FORM(1)/SPAN(1)/SECTION(1)/DIV(1)/DIV(1)/DIV(1)/DIV(1)/DIV(1)/DIV(1)/DIV(1)/DIV(1)/DIV(1)/DIV(1)/DIV(1)/INPUT(1)" />
          </attribute>
          <attribute name="TagName" inuse="True">
            <ProcessValue datatype="text" value="INPUT" />
          </attribute>
          <attribute name="ClassName" inuse="True">
            <ProcessValue datatype="text" value="whsOnd zHQkBf" />
          </attribute>
          <attribute name="ID">
            <ProcessValue datatype="text" value="" />
          </attribute>
          <attribute name="Title">
            <ProcessValue datatype="text" value="" />
          </attribute>
          <attribute name="Link">
            <ProcessValue datatype="text" value="" />
          </attribute>
          <attribute name="InputType" inuse="True">
            <ProcessValue datatype="text" value="password" />
          </attribute>
          <attribute name="InputIdentifier2" inuse="True">
            <ProcessValue datatype="text" value="password" />
          </attribute>
          <attribute name="AncestorCount">
            <ProcessValue datatype="number" value="26" />
          </attribute>
          <attribute name="Value">
            <ProcessValue datatype="text" value="" />
          </attribute>
          <attribute name="Enabled" inuse="True">
            <ProcessValue datatype="flag" value="True" />
          </attribute>
          <attribute name="Checked">
            <ProcessValue datatype="flag" value="False" />
          </attribute>
          <attribute name="pURL" inuse="True">
            <ProcessValue datatype="text" value="https://accounts.google.com/signin/v2/sl/pwd?continue=https%3A%2F%2Fmail.google.com%2Fmail%2F&amp;service=mail&amp;sacu=1&amp;rip=1&amp;flowName=GlifWebSignIn&amp;flowEntry=ServiceLogin&amp;cid=1&amp;navigationDirection=forward" />
          </attribute>
          <attribute name="ScreenBounds">
            <ProcessValue datatype="text" value="RECT:501,311,363,815" />
          </attribute>
          <attribute name="MatchIndex">
            <ProcessValue datatype="number" value="1" />
          </attribute>
          <attribute name="MatchReverse">
            <ProcessValue datatype="flag" value="True" />
          </attribute>
        </attributes>
      </element>
      <element name="NextPassword-Button-Html">
        <id>67f537f7-c717-4505-97b6-a2f53ca611cd</id>
        <type>HTML</type>
        <basetype>HTML</basetype>
        <datatype>text</datatype>
        <diagnose>False</diagnose>
        <attributes>
          <attribute name="X">
            <ProcessValue datatype="number" value="0" />
          </attribute>
          <attribute name="Y">
            <ProcessValue datatype="number" value="0" />
          </attribute>
          <attribute name="Width">
            <ProcessValue datatype="number" value="88" />
          </attribute>
          <attribute name="Height">
            <ProcessValue datatype="number" value="36" />
          </attribute>
          <attribute name="Path" inuse="True">
            <ProcessValue datatype="text" value="/HTML/BODY(1)/DIV(1)/DIV(1)/DIV(2)/DIV(2)/DIV(1)/DIV(1)/DIV(2)/DIV(1)/DIV(2)/DIV(1)/DIV(1)/DIV(1)/DIV(2)" />
          </attribute>
          <attribute name="TagName" inuse="True">
            <ProcessValue datatype="text" value="DIV" />
          </attribute>
          <attribute name="ClassName" inuse="True">
            <ProcessValue datatype="text" value="ZFr60d CeoRYc" />
          </attribute>
          <attribute name="ID">
            <ProcessValue datatype="text" value="" />
          </attribute>
          <attribute name="Title">
            <ProcessValue datatype="text" value="" />
          </attribute>
          <attribute name="Link">
            <ProcessValue datatype="text" value="" />
          </attribute>
          <attribute name="InputType">
            <ProcessValue datatype="text" value="" />
          </attribute>
          <attribute name="InputIdentifier2">
            <ProcessValue datatype="text" value="" />
          </attribute>
          <attribute name="AncestorCount">
            <ProcessValue datatype="number" value="14" />
          </attribute>
          <attribute name="Value">
            <ProcessValue datatype="text" value="" />
          </attribute>
          <attribute name="Enabled" inuse="True">
            <ProcessValue datatype="flag" value="True" />
          </attribute>
          <attribute name="Checked">
            <ProcessValue datatype="flag" value="False" />
          </attribute>
          <attribute name="pURL" inuse="True">
            <ProcessValue datatype="text" value="https://accounts.google.com/signin/v2/sl/pwd?continue=https%3A%2F%2Fmail.google.com%2Fmail%2F&amp;service=mail&amp;sacu=1&amp;rip=1&amp;flowName=GlifWebSignIn&amp;flowEntry=ServiceLogin&amp;cid=1&amp;navigationDirection=forward" />
          </attribute>
          <attribute name="ScreenBounds">
            <ProcessValue datatype="text" value="RECT:779,410,446,867" />
          </attribute>
          <attribute name="MatchIndex">
            <ProcessValue datatype="number" value="1" />
          </attribute>
          <attribute name="MatchReverse">
            <ProcessValue datatype="flag" value="True" />
          </attribute>
        </attributes>
      </element>
      <element name="Compose-Button-Accessibility">
        <id>9b6aa871-2c18-40ff-ae55-468bf6a3097f</id>
        <type>AAButton</type>
        <basetype>AAButton</basetype>
        <datatype>text</datatype>
        <diagnose>False</diagnose>
        <attributes>
          <attribute name="WindowText">
            <ProcessValue datatype="text" value="" />
          </attribute>
          <attribute name="ClassName" inuse="True">
            <ProcessValue datatype="text" value="Internet Explorer_Server" />
          </attribute>
          <attribute name="CtrlID">
            <ProcessValue datatype="number" value="0" />
          </attribute>
          <attribute name="X">
            <ProcessValue datatype="number" value="0" />
          </attribute>
          <attribute name="Y">
            <ProcessValue datatype="number" value="0" />
          </attribute>
          <attribute name="Width">
            <ProcessValue datatype="number" value="1367" />
          </attribute>
          <attribute name="Height">
            <ProcessValue datatype="number" value="629" />
          </attribute>
          <attribute name="Visible" inuse="True">
            <ProcessValue datatype="flag" value="True" />
          </attribute>
          <attribute name="ScreenVisible" inuse="True">
            <ProcessValue datatype="flag" value="True" />
          </attribute>
          <attribute name="Enabled" inuse="True">
            <ProcessValue datatype="flag" value="True" />
          </attribute>
          <attribute name="Active">
            <ProcessValue datatype="flag" value="False" />
          </attribute>
          <attribute name="Ordinal">
            <ProcessValue datatype="number" value="1" />
          </attribute>
          <attribute name="ChildCount">
            <ProcessValue datatype="number" value="0" />
          </attribute>
          <attribute name="AncestorsText">
            <ProcessValue datatype="text" value=" Inbox - zoya.aktar1234@gmail.com - Gmail - Internet Explorer  Inbox - zoya.aktar1234@gmail.com - Gmail - Internet Explorer &lt;UNKNOWN&gt; " />
          </attribute>
          <attribute name="AncestorCount">
            <ProcessValue datatype="number" value="5" />
          </attribute>
          <attribute name="TypeName">
            <ProcessValue datatype="text" value="Internet Explorer_Server" />
          </attribute>
          <attribute name="ScreenBounds">
            <ProcessValue datatype="text" value="RECT:0,100,728,1366" />
          </attribute>
          <attribute name="Style">
            <ProcessValue datatype="number" value="1442840576" />
          </attribute>
          <attribute name="pWindowText">
            <ProcessValue datatype="text" value="" />
          </attribute>
          <attribute name="pClassName">
            <ProcessValue datatype="text" value="Shell DocObject View" />
          </attribute>
          <attribute name="pCtrlID">
            <ProcessValue datatype="number" value="0" />
          </attribute>
          <attribute name="pX">
            <ProcessValue datatype="number" value="0" />
          </attribute>
          <attribute name="pY">
            <ProcessValue datatype="number" value="0" />
          </attribute>
          <attribute name="pWidth">
            <ProcessValue datatype="number" value="1367" />
          </attribute>
          <attribute name="pHeight">
            <ProcessValue datatype="number" value="629" />
          </attribute>
          <attribute name="pVisible">
            <ProcessValue datatype="flag" value="True" />
          </attribute>
          <attribute name="pScreenVisible">
            <ProcessValue datatype="flag" value="True" />
          </attribute>
          <attribute name="pEnabled">
            <ProcessValue datatype="flag" value="True" />
          </attribute>
          <attribute name="pActive">
            <ProcessValue datatype="flag" value="False" />
          </attribute>
          <attribute name="pOrdinal">
            <ProcessValue datatype="number" value="1" />
          </attribute>
          <attribute name="pChildCount">
            <ProcessValue datatype="number" value="1" />
          </attribute>
          <attribute name="pStyle">
            <ProcessValue datatype="number" value="1442840576" />
          </attribute>
          <attribute name="aX">
            <ProcessValue datatype="number" value="8" />
          </attribute>
          <attribute name="aY">
            <ProcessValue datatype="number" value="80" />
          </attribute>
          <attribute name="aWidth">
            <ProcessValue datatype="number" value="145" />
          </attribute>
          <attribute name="aHeight">
            <ProcessValue datatype="number" value="48" />
          </attribute>
          <attribute name="Name" inuse="True">
            <ProcessValue datatype="text" value="Compose" />
          </attribute>
          <attribute name="Description">
            <ProcessValue datatype="text" value="" />
          </attribute>
          <attribute name="Role" inuse="True">
            <ProcessValue datatype="text" value="PushButton" />
          </attribute>
          <attribute name="ID" inuse="True">
            <ProcessValue datatype="text" value="Self" />
          </attribute>
          <attribute name="State">
            <ProcessValue datatype="text" value="focusable" />
          </attribute>
          <attribute name="Value2">
            <ProcessValue datatype="text" value="" />
          </attribute>
          <attribute name="KeyboardShortcut">
            <ProcessValue datatype="text" value="" />
          </attribute>
          <attribute name="DefaultAction" inuse="True">
            <ProcessValue datatype="text" value="Toggle" />
          </attribute>
          <attribute name="ElementCount" inuse="True">
            <ProcessValue datatype="number" value="1" />
          </attribute>
          <attribute name="aAncestorCount">
            <ProcessValue datatype="number" value="12" />
          </attribute>
          <attribute name="Unavailable">
            <ProcessValue datatype="flag" value="False" />
          </attribute>
          <attribute name="Selected">
            <ProcessValue datatype="flag" value="False" />
          </attribute>
          <attribute name="Focused">
            <ProcessValue datatype="flag" value="False" />
          </attribute>
          <attribute name="Pressed">
            <ProcessValue datatype="flag" value="False" />
          </attribute>
          <attribute name="aChecked">
            <ProcessValue datatype="flag" value="False" />
          </attribute>
          <attribute name="Mixed">
            <ProcessValue datatype="flag" value="False" />
          </attribute>
          <attribute name="ReadOnly">
            <ProcessValue datatype="flag" value="False" />
          </attribute>
          <attribute name="Hottracked">
            <ProcessValue datatype="flag" value="False" />
          </attribute>
          <attribute name="Default">
            <ProcessValue datatype="flag" value="False" />
          </attribute>
          <attribute name="Expanded">
            <ProcessValue datatype="flag" value="False" />
          </attribute>
          <attribute name="Collapsed">
            <ProcessValue datatype="flag" value="False" />
          </attribute>
          <attribute name="Busy">
            <ProcessValue datatype="flag" value="False" />
          </attribute>
          <attribute name="Floating">
            <ProcessValue datatype="flag" value="False" />
          </attribute>
          <attribute name="Marqueed">
            <ProcessValue datatype="flag" value="False" />
          </attribute>
          <attribute name="Animated">
            <ProcessValue datatype="flag" value="False" />
          </attribute>
          <attribute name="Invisible">
            <ProcessValue datatype="flag" value="False" />
          </attribute>
          <attribute name="Offscreen">
            <ProcessValue datatype="flag" value="False" />
          </attribute>
          <attribute name="Sizeable">
            <ProcessValue datatype="flag" value="False" />
          </attribute>
          <attribute name="Moveable">
            <ProcessValue datatype="flag" value="False" />
          </attribute>
          <attribute name="SelfVoicing">
            <ProcessValue datatype="flag" value="False" />
          </attribute>
          <attribute name="Focusable">
            <ProcessValue datatype="flag" value="True" />
          </attribute>
          <attribute name="Selectable">
            <ProcessValue datatype="flag" value="False" />
          </attribute>
          <attribute name="Linked">
            <ProcessValue datatype="flag" value="False" />
          </attribute>
          <attribute name="Traversed">
            <ProcessValue datatype="flag" value="False" />
          </attribute>
          <attribute name="Multiselectable">
            <ProcessValue datatype="flag" value="False" />
          </attribute>
          <attribute name="Extselectable">
            <ProcessValue datatype="flag" value="False" />
          </attribute>
          <attribute name="Alert_low">
            <ProcessValue datatype="flag" value="False" />
          </attribute>
          <attribute name="Alert_medium">
            <ProcessValue datatype="flag" value="False" />
          </attribute>
          <attribute name="Alert_high">
            <ProcessValue datatype="flag" value="False" />
          </attribute>
          <attribute name="ScreenBounds">
            <ProcessValue datatype="text" value="RECT:8,180,228,153" />
          </attribute>
          <attribute name="paX">
            <ProcessValue datatype="number" value="0" />
          </attribute>
          <attribute name="paY">
            <ProcessValue datatype="number" value="0" />
          </attribute>
          <attribute name="paWidth">
            <ProcessValue datatype="number" value="1366" />
          </attribute>
          <attribute name="paHeight">
            <ProcessValue datatype="number" value="628" />
          </attribute>
          <attribute name="pName" inuse="True">
            <ProcessValue datatype="text" value="Inbox - zoya.aktar1234@gmail.com - Gmail" />
          </attribute>
          <attribute name="pDescription">
            <ProcessValue datatype="text" value="" />
          </attribute>
          <attribute name="pRole" inuse="True">
            <ProcessValue datatype="text" value="Pane" />
          </attribute>
          <attribute name="pID" inuse="True">
            <ProcessValue datatype="text" value="Self" />
          </attribute>
          <attribute name="pState">
            <ProcessValue datatype="text" value="focusable" />
          </attribute>
          <attribute name="pValue2" inuse="True">
            <ProcessValue datatype="text" value="https://mail.google.com/mail/u/0/#inbox" />
          </attribute>
          <attribute name="pKeyboardShortcut">
            <ProcessValue datatype="text" value="" />
          </attribute>
          <attribute name="pDefaultAction">
            <ProcessValue datatype="text" value="" />
          </attribute>
          <attribute name="pElementCount">
            <ProcessValue datatype="number" value="62" />
          </attribute>
          <attribute name="pUnavailable">
            <ProcessValue datatype="flag" value="False" />
          </attribute>
          <attribute name="pSelected">
            <ProcessValue datatype="flag" value="False" />
          </attribute>
          <attribute name="pFocused">
            <ProcessValue datatype="flag" value="False" />
          </attribute>
          <attribute name="pPressed">
            <ProcessValue datatype="flag" value="False" />
          </attribute>
          <attribute name="paChecked">
            <ProcessValue datatype="flag" value="False" />
          </attribute>
          <attribute name="pMixed">
            <ProcessValue datatype="flag" value="False" />
          </attribute>
          <attribute name="pReadOnly">
            <ProcessValue datatype="flag" value="True" />
          </attribute>
          <attribute name="pHottracked">
            <ProcessValue datatype="flag" value="False" />
          </attribute>
          <attribute name="pDefault">
            <ProcessValue datatype="flag" value="False" />
          </attribute>
          <attribute name="pExpanded">
            <ProcessValue datatype="flag" value="False" />
          </attribute>
          <attribute name="pCollapsed">
            <ProcessValue datatype="flag" value="False" />
          </attribute>
          <attribute name="pBusy">
            <ProcessValue datatype="flag" value="False" />
          </attribute>
          <attribute name="pFloating">
            <ProcessValue datatype="flag" value="False" />
          </attribute>
          <attribute name="pMarqueed">
            <ProcessValue datatype="flag" value="False" />
          </attribute>
          <attribute name="pAnimated">
            <ProcessValue datatype="flag" value="False" />
          </attribute>
          <attribute name="pInvisible">
            <ProcessValue datatype="flag" value="False" />
          </attribute>
          <attribute name="pOffscreen">
            <ProcessValue datatype="flag" value="False" />
          </attribute>
          <attribute name="pSizeable">
            <ProcessValue datatype="flag" value="False" />
          </attribute>
          <attribute name="pMoveable">
            <ProcessValue datatype="flag" value="False" />
          </attribute>
          <attribute name="pSelfVoicing">
            <ProcessValue datatype="flag" value="False" />
          </attribute>
          <attribute name="pFocusable">
            <ProcessValue datatype="flag" value="True" />
          </attribute>
          <attribute name="pSelectable">
            <ProcessValue datatype="flag" value="False" />
          </attribute>
          <attribute name="pLinked">
            <ProcessValue datatype="flag" value="False" />
          </attribute>
          <attribute name="pTraversed">
            <ProcessValue datatype="flag" value="False" />
          </attribute>
          <attribute name="pMultiselectable">
            <ProcessValue datatype="flag" value="False" />
          </attribute>
          <attribute name="pExtselectable">
            <ProcessValue datatype="flag" value="False" />
          </attribute>
          <attribute name="pAlert_low">
            <ProcessValue datatype="flag" value="False" />
          </attribute>
          <attribute name="pAlert_medium">
            <ProcessValue datatype="flag" value="False" />
          </attribute>
          <attribute name="pAlert_high">
            <ProcessValue datatype="flag" value="False" />
          </attribute>
          <attribute name="MatchIndex">
            <ProcessValue datatype="number" value="1" />
          </attribute>
          <attribute name="MatchReverse">
            <ProcessValue datatype="flag" value="True" />
          </attribute>
        </attributes>
      </element>
      <element name="MailID-Text-Html">
        <id>84e47143-011b-456e-95dd-77c65fb5eb0b</id>
        <type>HTML</type>
        <basetype>HTML</basetype>
        <datatype>text</datatype>
        <diagnose>False</diagnose>
        <attributes>
          <attribute name="X">
            <ProcessValue datatype="number" value="21" />
          </attribute>
          <attribute name="Y">
            <ProcessValue datatype="number" value="6" />
          </attribute>
          <attribute name="Width">
            <ProcessValue datatype="number" value="380" />
          </attribute>
          <attribute name="Height">
            <ProcessValue datatype="number" value="24" />
          </attribute>
          <attribute name="Path" inuse="True">
            <ProcessValue datatype="text" value="/HTML/BODY(1)/DIV(27)/DIV(1)/DIV(1)/DIV(1)/DIV(1)/DIV(3)/DIV(1)/DIV(1)/DIV(1)/DIV(1)/DIV(1)/DIV(3)/DIV(1)/DIV(1)/DIV(4)/TABLE(1)/TBODY(1)/TR(1)/TD(2)/FORM(1)/DIV(1)/TABLE(1)/TBODY(1)/TR(1)/TD(2)/DIV(1)/DIV(1)/TEXTAREA(1)" />
          </attribute>
          <attribute name="TagName" inuse="True">
            <ProcessValue datatype="text" value="TEXTAREA" />
          </attribute>
          <attribute name="ClassName" inuse="True">
            <ProcessValue datatype="text" value="vO" />
          </attribute>
          <attribute name="ID" inuse="True">
            <ProcessValue datatype="text" value=":8l" />
          </attribute>
          <attribute name="Title">
            <ProcessValue datatype="text" value="" />
          </attribute>
          <attribute name="Link">
            <ProcessValue datatype="text" value="" />
          </attribute>
          <attribute name="InputType">
            <ProcessValue datatype="text" value="" />
          </attribute>
          <attribute name="InputIdentifier2">
            <ProcessValue datatype="text" value="" />
          </attribute>
          <attribute name="AncestorCount">
            <ProcessValue datatype="number" value="29" />
          </attribute>
          <attribute name="Value">
            <ProcessValue datatype="text" value="" />
          </attribute>
          <attribute name="Enabled" inuse="True">
            <ProcessValue datatype="flag" value="True" />
          </attribute>
          <attribute name="Checked">
            <ProcessValue datatype="flag" value="False" />
          </attribute>
          <attribute name="pURL" inuse="True">
            <ProcessValue datatype="text" value="https://mail.google.com/mail/u/0/#inbox?compose=new" />
          </attribute>
          <attribute name="ScreenBounds">
            <ProcessValue datatype="text" value="RECT:822,302,326,1202" />
          </attribute>
          <attribute name="MatchIndex">
            <ProcessValue datatype="number" value="1" />
          </attribute>
          <attribute name="MatchReverse">
            <ProcessValue datatype="flag" value="True" />
          </attribute>
        </attributes>
      </element>
      <element name="Subject-Text-Html">
        <id>ebea9a9f-8393-49a4-a657-5ff2951a5c69</id>
        <type>HTMLEdit</type>
        <basetype>HTMLEdit</basetype>
        <datatype>text</datatype>
        <diagnose>False</diagnose>
        <attributes>
          <attribute name="X">
            <ProcessValue datatype="number" value="0" />
          </attribute>
          <attribute name="Y">
            <ProcessValue datatype="number" value="8" />
          </attribute>
          <attribute name="Width">
            <ProcessValue datatype="number" value="478" />
          </attribute>
          <attribute name="Height">
            <ProcessValue datatype="number" value="17" />
          </attribute>
          <attribute name="Path" inuse="True">
            <ProcessValue datatype="text" value="/HTML/BODY(1)/DIV(27)/DIV(1)/DIV(1)/DIV(1)/DIV(1)/DIV(3)/DIV(1)/DIV(1)/DIV(1)/DIV(1)/DIV(1)/DIV(3)/DIV(1)/DIV(1)/DIV(4)/TABLE(1)/TBODY(1)/TR(1)/TD(2)/FORM(1)/DIV(3)/DIV(1)/INPUT(1)" />
          </attribute>
          <attribute name="TagName" inuse="True">
            <ProcessValue datatype="text" value="INPUT" />
          </attribute>
          <attribute name="ClassName" inuse="True">
            <ProcessValue datatype="text" value="aoT" />
          </attribute>
          <attribute name="ID" inuse="True">
            <ProcessValue datatype="text" value=":83" />
          </attribute>
          <attribute name="Title">
            <ProcessValue datatype="text" value="" />
          </attribute>
          <attribute name="Link">
            <ProcessValue datatype="text" value="" />
          </attribute>
          <attribute name="InputType" inuse="True">
            <ProcessValue datatype="text" value="text" />
          </attribute>
          <attribute name="InputIdentifier2" inuse="True">
            <ProcessValue datatype="text" value="subjectbox" />
          </attribute>
          <attribute name="AncestorCount">
            <ProcessValue datatype="number" value="24" />
          </attribute>
          <attribute name="Value">
            <ProcessValue datatype="text" value="" />
          </attribute>
          <attribute name="Enabled" inuse="True">
            <ProcessValue datatype="flag" value="True" />
          </attribute>
          <attribute name="Checked">
            <ProcessValue datatype="flag" value="False" />
          </attribute>
          <attribute name="pURL" inuse="True">
            <ProcessValue datatype="text" value="https://mail.google.com/mail/u/0/#inbox?compose=new" />
          </attribute>
          <attribute name="ScreenBounds">
            <ProcessValue datatype="text" value="RECT:801,340,357,1279" />
          </attribute>
          <attribute name="MatchIndex">
            <ProcessValue datatype="number" value="1" />
          </attribute>
          <attribute name="MatchReverse">
            <ProcessValue datatype="flag" value="True" />
          </attribute>
        </attributes>
      </element>
      <element name="Send-Button-Accesibility">
        <id>748d737f-a416-41d4-80ff-27e03234ca5a</id>
        <type>AAButton</type>
        <basetype>AAButton</basetype>
        <datatype>text</datatype>
        <diagnose>False</diagnose>
        <attributes>
          <attribute name="WindowText">
            <ProcessValue datatype="text" value="" />
          </attribute>
          <attribute name="ClassName" inuse="True">
            <ProcessValue datatype="text" value="Internet Explorer_Server" />
          </attribute>
          <attribute name="CtrlID">
            <ProcessValue datatype="number" value="0" />
          </attribute>
          <attribute name="X">
            <ProcessValue datatype="number" value="0" />
          </attribute>
          <attribute name="Y">
            <ProcessValue datatype="number" value="0" />
          </attribute>
          <attribute name="Width">
            <ProcessValue datatype="number" value="1367" />
          </attribute>
          <attribute name="Height">
            <ProcessValue datatype="number" value="629" />
          </attribute>
          <attribute name="Visible" inuse="True">
            <ProcessValue datatype="flag" value="True" />
          </attribute>
          <attribute name="ScreenVisible" inuse="True">
            <ProcessValue datatype="flag" value="True" />
          </attribute>
          <attribute name="Enabled" inuse="True">
            <ProcessValue datatype="flag" value="True" />
          </attribute>
          <attribute name="Active">
            <ProcessValue datatype="flag" value="False" />
          </attribute>
          <attribute name="Ordinal">
            <ProcessValue datatype="number" value="1" />
          </attribute>
          <attribute name="ChildCount">
            <ProcessValue datatype="number" value="0" />
          </attribute>
          <attribute name="AncestorsText">
            <ProcessValue datatype="text" value=" Inbox - zoya.aktar1234@gmail.com - Gmail - Internet Explorer  Inbox - zoya.aktar1234@gmail.com - Gmail - Internet Explorer &lt;UNKNOWN&gt; " />
          </attribute>
          <attribute name="AncestorCount">
            <ProcessValue datatype="number" value="5" />
          </attribute>
          <attribute name="TypeName">
            <ProcessValue datatype="text" value="Internet Explorer_Server" />
          </attribute>
          <attribute name="ScreenBounds">
            <ProcessValue datatype="text" value="RECT:0,100,728,1366" />
          </attribute>
          <attribute name="Style">
            <ProcessValue datatype="number" value="1442840576" />
          </attribute>
          <attribute name="pWindowText">
            <ProcessValue datatype="text" value="" />
          </attribute>
          <attribute name="pClassName">
            <ProcessValue datatype="text" value="Shell DocObject View" />
          </attribute>
          <attribute name="pCtrlID">
            <ProcessValue datatype="number" value="0" />
          </attribute>
          <attribute name="pX">
            <ProcessValue datatype="number" value="0" />
          </attribute>
          <attribute name="pY">
            <ProcessValue datatype="number" value="0" />
          </attribute>
          <attribute name="pWidth">
            <ProcessValue datatype="number" value="1367" />
          </attribute>
          <attribute name="pHeight">
            <ProcessValue datatype="number" value="629" />
          </attribute>
          <attribute name="pVisible">
            <ProcessValue datatype="flag" value="True" />
          </attribute>
          <attribute name="pScreenVisible">
            <ProcessValue datatype="flag" value="True" />
          </attribute>
          <attribute name="pEnabled">
            <ProcessValue datatype="flag" value="True" />
          </attribute>
          <attribute name="pActive">
            <ProcessValue datatype="flag" value="False" />
          </attribute>
          <attribute name="pOrdinal">
            <ProcessValue datatype="number" value="1" />
          </attribute>
          <attribute name="pChildCount">
            <ProcessValue datatype="number" value="1" />
          </attribute>
          <attribute name="pStyle">
            <ProcessValue datatype="number" value="1442840576" />
          </attribute>
          <attribute name="aX">
            <ProcessValue datatype="number" value="0" />
          </attribute>
          <attribute name="aY">
            <ProcessValue datatype="number" value="2" />
          </attribute>
          <attribute name="aWidth">
            <ProcessValue datatype="number" value="72" />
          </attribute>
          <attribute name="aHeight">
            <ProcessValue datatype="number" value="36" />
          </attribute>
          <attribute name="Name" inuse="True">
            <ProcessValue datatype="text" value="Send ‪(Ctrl-Enter)‬" />
          </attribute>
          <attribute name="Description" inuse="True">
            <ProcessValue datatype="text" value="" />
          </attribute>
          <attribute name="Role" inuse="True">
            <ProcessValue datatype="text" value="PushButton" />
          </attribute>
          <attribute name="ID" inuse="True">
            <ProcessValue datatype="text" value="Self" />
          </attribute>
          <attribute name="State">
            <ProcessValue datatype="text" value="focusable" />
          </attribute>
          <attribute name="Value2" inuse="True">
            <ProcessValue datatype="text" value="" />
          </attribute>
          <attribute name="KeyboardShortcut">
            <ProcessValue datatype="text" value="" />
          </attribute>
          <attribute name="DefaultAction" inuse="True">
            <ProcessValue datatype="text" value="Toggle" />
          </attribute>
          <attribute name="ElementCount" inuse="True">
            <ProcessValue datatype="number" value="1" />
          </attribute>
          <attribute name="aAncestorCount">
            <ProcessValue datatype="number" value="20" />
          </attribute>
          <attribute name="Unavailable">
            <ProcessValue datatype="flag" value="False" />
          </attribute>
          <attribute name="Selected">
            <ProcessValue datatype="flag" value="False" />
          </attribute>
          <attribute name="Focused">
            <ProcessValue datatype="flag" value="False" />
          </attribute>
          <attribute name="Pressed">
            <ProcessValue datatype="flag" value="False" />
          </attribute>
          <attribute name="aChecked">
            <ProcessValue datatype="flag" value="False" />
          </attribute>
          <attribute name="Mixed">
            <ProcessValue datatype="flag" value="False" />
          </attribute>
          <attribute name="ReadOnly">
            <ProcessValue datatype="flag" value="False" />
          </attribute>
          <attribute name="Hottracked">
            <ProcessValue datatype="flag" value="False" />
          </attribute>
          <attribute name="Default">
            <ProcessValue datatype="flag" value="False" />
          </attribute>
          <attribute name="Expanded">
            <ProcessValue datatype="flag" value="False" />
          </attribute>
          <attribute name="Collapsed">
            <ProcessValue datatype="flag" value="False" />
          </attribute>
          <attribute name="Busy">
            <ProcessValue datatype="flag" value="False" />
          </attribute>
          <attribute name="Floating">
            <ProcessValue datatype="flag" value="False" />
          </attribute>
          <attribute name="Marqueed">
            <ProcessValue datatype="flag" value="False" />
          </attribute>
          <attribute name="Animated">
            <ProcessValue datatype="flag" value="False" />
          </attribute>
          <attribute name="Invisible">
            <ProcessValue datatype="flag" value="False" />
          </attribute>
          <attribute name="Offscreen">
            <ProcessValue datatype="flag" value="False" />
          </attribute>
          <attribute name="Sizeable">
            <ProcessValue datatype="flag" value="False" />
          </attribute>
          <attribute name="Moveable">
            <ProcessValue datatype="flag" value="False" />
          </attribute>
          <attribute name="SelfVoicing">
            <ProcessValue datatype="flag" value="False" />
          </attribute>
          <attribute name="Focusable">
            <ProcessValue datatype="flag" value="True" />
          </attribute>
          <attribute name="Selectable">
            <ProcessValue datatype="flag" value="False" />
          </attribute>
          <attribute name="Linked">
            <ProcessValue datatype="flag" value="False" />
          </attribute>
          <attribute name="Traversed">
            <ProcessValue datatype="flag" value="False" />
          </attribute>
          <attribute name="Multiselectable">
            <ProcessValue datatype="flag" value="False" />
          </attribute>
          <attribute name="Extselectable">
            <ProcessValue datatype="flag" value="False" />
          </attribute>
          <attribute name="Alert_low">
            <ProcessValue datatype="flag" value="False" />
          </attribute>
          <attribute name="Alert_medium">
            <ProcessValue datatype="flag" value="False" />
          </attribute>
          <attribute name="Alert_high">
            <ProcessValue datatype="flag" value="False" />
          </attribute>
          <attribute name="ScreenBounds">
            <ProcessValue datatype="text" value="RECT:801,679,715,873" />
          </attribute>
          <attribute name="paX">
            <ProcessValue datatype="number" value="0" />
          </attribute>
          <attribute name="paY">
            <ProcessValue datatype="number" value="9" />
          </attribute>
          <attribute name="paWidth">
            <ProcessValue datatype="number" value="97" />
          </attribute>
          <attribute name="paHeight">
            <ProcessValue datatype="number" value="38" />
          </attribute>
          <attribute name="pName">
            <ProcessValue datatype="text" value="" />
          </attribute>
          <attribute name="pDescription">
            <ProcessValue datatype="text" value="" />
          </attribute>
          <attribute name="pRole" inuse="True">
            <ProcessValue datatype="text" value="Cell" />
          </attribute>
          <attribute name="pID" inuse="True">
            <ProcessValue datatype="text" value="Self" />
          </attribute>
          <attribute name="pState">
            <ProcessValue datatype="text" value="focusable" />
          </attribute>
          <attribute name="pValue2">
            <ProcessValue datatype="text" value="" />
          </attribute>
          <attribute name="pKeyboardShortcut">
            <ProcessValue datatype="text" value="" />
          </attribute>
          <attribute name="pDefaultAction">
            <ProcessValue datatype="text" value="" />
          </attribute>
          <attribute name="pElementCount">
            <ProcessValue datatype="number" value="2" />
          </attribute>
          <attribute name="pUnavailable">
            <ProcessValue datatype="flag" value="False" />
          </attribute>
          <attribute name="pSelected">
            <ProcessValue datatype="flag" value="False" />
          </attribute>
          <attribute name="pFocused">
            <ProcessValue datatype="flag" value="False" />
          </attribute>
          <attribute name="pPressed">
            <ProcessValue datatype="flag" value="False" />
          </attribute>
          <attribute name="paChecked">
            <ProcessValue datatype="flag" value="False" />
          </attribute>
          <attribute name="pMixed">
            <ProcessValue datatype="flag" value="False" />
          </attribute>
          <attribute name="pReadOnly">
            <ProcessValue datatype="flag" value="False" />
          </attribute>
          <attribute name="pHottracked">
            <ProcessValue datatype="flag" value="False" />
          </attribute>
          <attribute name="pDefault">
            <ProcessValue datatype="flag" value="False" />
          </attribute>
          <attribute name="pExpanded">
            <ProcessValue datatype="flag" value="False" />
          </attribute>
          <attribute name="pCollapsed">
            <ProcessValue datatype="flag" value="False" />
          </attribute>
          <attribute name="pBusy">
            <ProcessValue datatype="flag" value="False" />
          </attribute>
          <attribute name="pFloating">
            <ProcessValue datatype="flag" value="False" />
          </attribute>
          <attribute name="pMarqueed">
            <ProcessValue datatype="flag" value="False" />
          </attribute>
          <attribute name="pAnimated">
            <ProcessValue datatype="flag" value="False" />
          </attribute>
          <attribute name="pInvisible">
            <ProcessValue datatype="flag" value="False" />
          </attribute>
          <attribute name="pOffscreen">
            <ProcessValue datatype="flag" value="False" />
          </attribute>
          <attribute name="pSizeable">
            <ProcessValue datatype="flag" value="False" />
          </attribute>
          <attribute name="pMoveable">
            <ProcessValue datatype="flag" value="False" />
          </attribute>
          <attribute name="pSelfVoicing">
            <ProcessValue datatype="flag" value="False" />
          </attribute>
          <attribute name="pFocusable">
            <ProcessValue datatype="flag" value="True" />
          </attribute>
          <attribute name="pSelectable">
            <ProcessValue datatype="flag" value="False" />
          </attribute>
          <attribute name="pLinked">
            <ProcessValue datatype="flag" value="False" />
          </attribute>
          <attribute name="pTraversed">
            <ProcessValue datatype="flag" value="False" />
          </attribute>
          <attribute name="pMultiselectable">
            <ProcessValue datatype="flag" value="False" />
          </attribute>
          <attribute name="pExtselectable">
            <ProcessValue datatype="flag" value="False" />
          </attribute>
          <attribute name="pAlert_low">
            <ProcessValue datatype="flag" value="False" />
          </attribute>
          <attribute name="pAlert_medium">
            <ProcessValue datatype="flag" value="False" />
          </attribute>
          <attribute name="pAlert_high">
            <ProcessValue datatype="flag" value="False" />
          </attribute>
          <attribute name="MatchIndex">
            <ProcessValue datatype="number" value="1" />
          </attribute>
          <attribute name="MatchReverse">
            <ProcessValue datatype="flag" value="True" />
          </attribute>
        </attributes>
      </element>
      <type>Application</type>
      <basetype>Application</basetype>
      <datatype>unknown</datatype>
      <diagnose>False</diagnose>
    </element>
    <apptypeinfo>
      <id>HTMLLaunch</id>
      <parameters>
        <parameter>
          <name>Path</name>
          <value>C:\Program Files\Internet Explorer\iexplore.exe</value>
        </parameter>
        <parameter>
          <name>CommandLineParams</name>
          <value>https://accounts.google.com/signin/v2/identifier?continue=https%3A%2F%2Fmail.google.com%2Fmail%2F&amp;service=mail&amp;sacu=1&amp;rip=1&amp;flowName=GlifWebSignIn&amp;flowEntry=ServiceLogin</value>
        </parameter>
        <parameter>
          <name>ActiveTabOnly</name>
          <value>True</value>
        </parameter>
        <parameter>
          <name>UseJavaInBrowser</name>
          <value>False</value>
        </parameter>
        <parameter>
          <name>ExcludeHTC</name>
          <value>True</value>
        </parameter>
        <parameter>
          <name>ProcessMode</name>
          <value>Internal</value>
        </parameter>
        <parameter>
          <name>ExternalProcessTimeout</name>
          <value>0</value>
        </parameter>
      </parameters>
    </apptypeinfo>
  </appdef>
  <view>
    <camerax>0</camerax>
    <cameray>0</cameray>
    <zoom version="2">1.25</zoom>
  </view>
  <preconditions />
  <endpoint narrative="" />
  <subsheet subsheetid="229cb3f1-7124-4827-aade-73910e7b97ec" type="CleanUp" published="True">
    <name>Clean Up</name>
    <view>
      <camerax>0</camerax>
      <cameray>0</cameray>
      <zoom version="2">1.25</zoom>
    </view>
  </subsheet>
  <subsheet subsheetid="9885ae97-d760-4e43-9945-fb5d80421c6c" type="Normal" published="True">
    <name>Gmail Launch</name>
    <view>
      <camerax>53</camerax>
      <cameray>163</cameray>
      <zoom version="2">1.25</zoom>
    </view>
  </subsheet>
  <stage stageid="30f16ee5-da3d-4ed4-ba5d-05199792c43b" name="Start" type="Start">
    <loginhibit />
    <narrative>
    </narrative>
    <displayx>15</displayx>
    <displayy>-105</displayy>
    <displaywidth>60</displaywidth>
    <displayheight>30</displayheight>
    <font family="Segoe UI" size="10" style="Regular" color="000000" />
    <onsuccess>b7b7220a-5dff-4a9e-bf9f-241785e21f24</onsuccess>
  </stage>
  <stage stageid="b7b7220a-5dff-4a9e-bf9f-241785e21f24" name="End" type="End">
    <loginhibit />
    <narrative>
    </narrative>
    <displayx>15</displayx>
    <displayy>90</displayy>
    <displaywidth>60</displaywidth>
    <displayheight>30</displayheight>
    <font family="Segoe UI" size="10" style="Regular" color="000000" />
  </stage>
  <stage stageid="91308d3a-98ec-4491-b9cf-f193f7109434" name="Stage1" type="ProcessInfo">
    <narrative>
    </narrative>
    <displayx>-195</displayx>
    <displayy>-105</displayy>
    <displaywidth>150</displaywidth>
    <displayheight>90</displayheight>
    <font family="Segoe UI" size="10" style="Regular" color="000000" />
    <references>
      <reference>System.dll</reference>
      <reference>System.Data.dll</reference>
      <reference>System.Xml.dll</reference>
      <reference>System.Drawing.dll</reference>
    </references>
    <imports>
      <import>System</import>
      <import>System.Drawing</import>
      <import>System.Data</import>
    </imports>
    <language>visualbasic</language>
    <globalcode><![CDATA[]]></globalcode>
    <code><![CDATA[]]></code>
  </stage>
  <stage stageid="dc1142b9-8c9f-405a-95b7-d3d6a36ecefd" name="Clean Up" type="SubSheetInfo">
    <subsheetid>229cb3f1-7124-4827-aade-73910e7b97ec</subsheetid>
    <narrative>
    </narrative>
    <displayx>-195</displayx>
    <displayy>-105</displayy>
    <displaywidth>150</displaywidth>
    <displayheight>90</displayheight>
    <font family="Segoe UI" size="10" style="Regular" color="000000" />
  </stage>
  <stage stageid="790e7c7a-4139-4264-811a-ccdc78aea417" name="Start" type="Start">
    <subsheetid>229cb3f1-7124-4827-aade-73910e7b97ec</subsheetid>
    <loginhibit />
    <narrative>
    </narrative>
    <displayx>15</displayx>
    <displayy>-105</displayy>
    <displaywidth>60</displaywidth>
    <displayheight>30</displayheight>
    <font family="Segoe UI" size="10" style="Regular" color="000000" />
    <onsuccess>61f3ddcb-f715-4a36-a739-172bb8646885</onsuccess>
  </stage>
  <stage stageid="61f3ddcb-f715-4a36-a739-172bb8646885" name="End" type="End">
    <subsheetid>229cb3f1-7124-4827-aade-73910e7b97ec</subsheetid>
    <loginhibit />
    <narrative>
    </narrative>
    <displayx>15</displayx>
    <displayy>90</displayy>
    <displaywidth>60</displaywidth>
    <displayheight>30</displayheight>
    <font family="Segoe UI" size="10" style="Regular" color="000000" />
  </stage>
  <stage stageid="a820f710-c349-45e6-8afa-04ec54e6b46f" name="Note1" type="Note">
    <subsheetid>229cb3f1-7124-4827-aade-73910e7b97ec</subsheetid>
    <narrative>Clean Up Page

This is an optional page where you might choose to perform some finalisation (or "cleanup") tasks as your business object is closed down.

The cleanup action will be called automatically immediately after closing your business object at the end of a business process.

You will not be able to call this action from a business process, nor will it be called at any other time than before the disposal of the business object.</narrative>
    <displayx>-180</displayx>
    <displayy>60</displayy>
    <displaywidth>180</displaywidth>
    <displayheight>230</displayheight>
    <font family="Segoe UI" size="10" style="Regular" color="000000" />
  </stage>
  <stage stageid="39c0d12a-f843-4d9b-b3f2-998f5126f5b6" name="Note2" type="Note">
    <narrative>Initialise Page

This is an optional page where you might choose to perform some initialisation tasks after your business object is loaded.

The initialise action will be called automatically immediately after loading your business object.

You will not be able to call this action from a business process, nor will it be called at any other time than after the creation of the object.</narrative>
    <displayx>-180</displayx>
    <displayy>60</displayy>
    <displaywidth>180</displaywidth>
    <displayheight>230</displayheight>
    <font family="Segoe UI" size="10" style="Regular" color="000000" />
  </stage>
  <stage stageid="51775424-332b-492a-91d8-f7fda012107a" name="Action 1" type="SubSheetInfo">
    <subsheetid>9885ae97-d760-4e43-9945-fb5d80421c6c</subsheetid>
    <narrative>
    </narrative>
    <displayx>-195</displayx>
    <displayy>-105</displayy>
    <displaywidth>150</displaywidth>
    <displayheight>90</displayheight>
    <font family="Segoe UI" size="10" style="Regular" color="000000" />
  </stage>
  <stage stageid="2e8cbfce-8356-49b6-8ded-3e72ddc8817f" name="Start" type="Start">
    <subsheetid>9885ae97-d760-4e43-9945-fb5d80421c6c</subsheetid>
    <loginhibit />
    <narrative>
    </narrative>
    <displayx>15</displayx>
    <displayy>-105</displayy>
    <displaywidth>60</displaywidth>
    <displayheight>30</displayheight>
    <font family="Segoe UI" size="10" style="Regular" color="000000" />
    <onsuccess>288e7919-15c5-475f-bf70-6ef48decf080</onsuccess>
  </stage>
  <stage stageid="67089b6e-83b7-4b1c-b84d-42e57f52c5c1" name="End" type="End">
    <subsheetid>9885ae97-d760-4e43-9945-fb5d80421c6c</subsheetid>
    <loginhibit />
    <narrative>
    </narrative>
    <displayx>315</displayx>
    <displayy>165</displayy>
    <displaywidth>60</displaywidth>
    <displayheight>30</displayheight>
    <font family="Segoe UI" size="10" style="Regular" color="000000" />
  </stage>
  <stage stageid="288e7919-15c5-475f-bf70-6ef48decf080" name="Gmail Launch" type="Navigate">
    <subsheetid>9885ae97-d760-4e43-9945-fb5d80421c6c</subsheetid>
    <loginhibit />
    <narrative>
    </narrative>
    <displayx>15</displayx>
    <displayy>-45</displayy>
    <displaywidth>60</displaywidth>
    <displayheight>30</displayheight>
    <font family="Segoe UI" size="10" style="Regular" color="000000" />
    <onsuccess>f6f365a2-69fd-468b-8dca-dc64220b15d2</onsuccess>
    <step>
      <element id="ac03dfcc-5864-4bf4-b97c-1ed2d58643cb" />
      <action>
        <id>Launch</id>
        <arguments>
          <argument>
            <id>Path</id>
            <value>
            </value>
          </argument>
          <argument>
            <id>CommandLineParams</id>
            <value>
            </value>
          </argument>
          <argument>
            <id>ActiveTabOnly</id>
            <value>
            </value>
          </argument>
          <argument>
            <id>UseJavaInBrowser</id>
            <value>
            </value>
          </argument>
          <argument>
            <id>ExcludeHTC</id>
            <value>
            </value>
          </argument>
          <argument>
            <id>ProcessMode</id>
            <value>
            </value>
          </argument>
        </arguments>
      </action>
    </step>
  </stage>
  <stage stageid="89413826-dc39-4bb2-9539-b519d02fb7e5" name="Writer1" type="Write">
    <subsheetid>9885ae97-d760-4e43-9945-fb5d80421c6c</subsheetid>
    <loginhibit />
    <narrative>
    </narrative>
    <displayx>15</displayx>
    <displayy>0</displayy>
    <displaywidth>60</displaywidth>
    <displayheight>30</displayheight>
    <font family="Segoe UI" size="10" style="Regular" color="000000" />
    <onsuccess>d8226cf8-7058-4edc-b829-5b75ea1d7ad4</onsuccess>
    <step expr="[Username]">
      <element id="e09ce6d8-e056-409e-962d-0c058b836545" />
    </step>
  </stage>
  <stage stageid="01d3f634-fef9-4b36-bc71-b2d588b65ffd" name="Username" type="Data">
    <subsheetid>9885ae97-d760-4e43-9945-fb5d80421c6c</subsheetid>
    <loginhibit />
    <narrative>
    </narrative>
    <displayx>-150</displayx>
    <displayy>15</displayy>
    <displaywidth>60</displaywidth>
    <displayheight>30</displayheight>
    <font family="Segoe UI" size="10" style="Regular" color="000000" />
    <datatype>text</datatype>
    <initialvalue xml:space="preserve">zoya.aktar1234@gmail.com</initialvalue>
    <alwaysinit />
  </stage>
  <stage stageid="d8226cf8-7058-4edc-b829-5b75ea1d7ad4" name="Next" type="Navigate">
    <subsheetid>9885ae97-d760-4e43-9945-fb5d80421c6c</subsheetid>
    <loginhibit />
    <narrative>
    </narrative>
    <displayx>15</displayx>
    <displayy>45</displayy>
    <displaywidth>60</displaywidth>
    <displayheight>30</displayheight>
    <font family="Segoe UI" size="10" style="Regular" color="000000" />
    <onsuccess>3ebcd130-fc84-4b5c-b9a7-4ee2dc460d02</onsuccess>
    <step>
      <element id="f9ac26dc-f453-4bb6-8848-543cc98b1f45" />
      <action>
        <id>HTMLClickCentre</id>
      </action>
    </step>
  </stage>
  <stage stageid="ac8a9211-0f2a-4aee-82e7-7260a9ff2948" name="Writer2" type="Write">
    <subsheetid>9885ae97-d760-4e43-9945-fb5d80421c6c</subsheetid>
    <loginhibit />
    <narrative>
    </narrative>
    <displayx>15</displayx>
    <displayy>90</displayy>
    <displaywidth>60</displaywidth>
    <displayheight>30</displayheight>
    <font family="Segoe UI" size="10" style="Regular" color="000000" />
    <onsuccess>a54224cb-be02-442e-b4ef-b2188350e4c7</onsuccess>
    <step expr="[Password]">
      <element id="d1ede43e-086e-47f9-b6cd-9a3e2db4cdef" />
    </step>
  </stage>
  <stage stageid="dcf918a9-52c2-4161-9a4d-cfb856b7d177" name="Password" type="Data">
    <subsheetid>9885ae97-d760-4e43-9945-fb5d80421c6c</subsheetid>
    <loginhibit />
    <narrative>
    </narrative>
    <displayx>-165</displayx>
    <displayy>75</displayy>
    <displaywidth>60</displaywidth>
    <displayheight>30</displayheight>
    <font family="Segoe UI" size="10" style="Regular" color="000000" />
    <datatype>password</datatype>
    <initialvalueenc>53,29,21,94,6,65,64,4,45,25</initialvalueenc>
    <private />
    <alwaysinit />
  </stage>
  <stage stageid="a54224cb-be02-442e-b4ef-b2188350e4c7" name="Next" type="Navigate">
    <subsheetid>9885ae97-d760-4e43-9945-fb5d80421c6c</subsheetid>
    <loginhibit />
    <narrative>
    </narrative>
    <displayx>15</displayx>
    <displayy>135</displayy>
    <displaywidth>60</displaywidth>
    <displayheight>30</displayheight>
    <font family="Segoe UI" size="10" style="Regular" color="000000" />
    <onsuccess>02f65884-1657-4271-a8aa-c37c46acfaad</onsuccess>
    <step>
      <element id="67f537f7-c717-4505-97b6-a2f53ca611cd" />
      <action>
        <id>HTMLClickCentre</id>
      </action>
    </step>
  </stage>
  <stage stageid="3a161662-a3af-449f-ad3e-607c9e133ecf" name="Time Out1" type="WaitEnd">
    <subsheetid>9885ae97-d760-4e43-9945-fb5d80421c6c</subsheetid>
    <loginhibit />
    <narrative>
    </narrative>
    <displayx>135</displayx>
    <displayy>-45</displayy>
    <displaywidth>30</displaywidth>
    <displayheight>30</displayheight>
    <font family="Segoe UI" size="10" style="Regular" color="000000" />
    <onsuccess>89413826-dc39-4bb2-9539-b519d02fb7e5</onsuccess>
    <groupid>37ba2b72-9736-488d-bbb5-13bf878c91ff</groupid>
  </stage>
  <stage stageid="f6f365a2-69fd-468b-8dca-dc64220b15d2" name="Wait1" type="WaitStart">
    <subsheetid>9885ae97-d760-4e43-9945-fb5d80421c6c</subsheetid>
    <loginhibit />
    <narrative>
    </narrative>
    <displayx>135</displayx>
    <displayy>-90</displayy>
    <displaywidth>30</displaywidth>
    <displayheight>30</displayheight>
    <font family="Segoe UI" size="10" style="Regular" color="000000" />
    <groupid>37ba2b72-9736-488d-bbb5-13bf878c91ff</groupid>
    <choices>
      <choice reply="True">
        <name>Username-Text-Html Check Exists</name>
        <distance>22.5</distance>
        <ontrue>89413826-dc39-4bb2-9539-b519d02fb7e5</ontrue>
        <element id="e09ce6d8-e056-409e-962d-0c058b836545" />
        <condition>
          <id>CheckExists</id>
        </condition>
        <comparetype>Equal</comparetype>
      </choice>
    </choices>
    <timeout>7</timeout>
  </stage>
  <stage stageid="e82affb1-d1b9-4759-ab63-bdc75c7da290" name="Time Out2" type="WaitEnd">
    <subsheetid>9885ae97-d760-4e43-9945-fb5d80421c6c</subsheetid>
    <loginhibit />
    <narrative>
    </narrative>
    <displayx>135</displayx>
    <displayy>45</displayy>
    <displaywidth>30</displaywidth>
    <displayheight>30</displayheight>
    <font family="Segoe UI" size="10" style="Regular" color="000000" />
    <onsuccess>ac8a9211-0f2a-4aee-82e7-7260a9ff2948</onsuccess>
    <groupid>9d55ce11-806f-4282-8a77-28502c6ef390</groupid>
  </stage>
  <stage stageid="3ebcd130-fc84-4b5c-b9a7-4ee2dc460d02" name="Wait2" type="WaitStart">
    <subsheetid>9885ae97-d760-4e43-9945-fb5d80421c6c</subsheetid>
    <loginhibit />
    <narrative>
    </narrative>
    <displayx>135</displayx>
    <displayy>0</displayy>
    <displaywidth>30</displaywidth>
    <displayheight>30</displayheight>
    <font family="Segoe UI" size="10" style="Regular" color="000000" />
    <groupid>9d55ce11-806f-4282-8a77-28502c6ef390</groupid>
    <choices />
    <timeout>7</timeout>
  </stage>
  <stage stageid="52e5c3f8-3255-463b-bfb5-39a68200d25e" name="Time Out3" type="WaitEnd">
    <subsheetid>9885ae97-d760-4e43-9945-fb5d80421c6c</subsheetid>
    <loginhibit />
    <narrative>
    </narrative>
    <displayx>135</displayx>
    <displayy>165</displayy>
    <displaywidth>30</displaywidth>
    <displayheight>30</displayheight>
    <font family="Segoe UI" size="10" style="Regular" color="000000" />
    <onsuccess>9a96325f-9697-4d30-8bd0-c4fdef0fa49f</onsuccess>
    <groupid>09ea145c-de69-4623-af9c-877b7507b4bb</groupid>
  </stage>
  <stage stageid="02f65884-1657-4271-a8aa-c37c46acfaad" name="Wait3" type="WaitStart">
    <subsheetid>9885ae97-d760-4e43-9945-fb5d80421c6c</subsheetid>
    <loginhibit />
    <narrative>
    </narrative>
    <displayx>135</displayx>
    <displayy>105</displayy>
    <displaywidth>30</displaywidth>
    <displayheight>30</displayheight>
    <font family="Segoe UI" size="10" style="Regular" color="000000" />
    <groupid>09ea145c-de69-4623-af9c-877b7507b4bb</groupid>
    <choices>
      <choice reply="True">
        <name>Compose-Button-Accessibility Check Exists</name>
        <distance>30</distance>
        <ontrue>9a96325f-9697-4d30-8bd0-c4fdef0fa49f</ontrue>
        <element id="9b6aa871-2c18-40ff-ae55-468bf6a3097f" />
        <condition>
          <id>CheckExists</id>
        </condition>
        <comparetype>Equal</comparetype>
      </choice>
    </choices>
    <timeout>20</timeout>
  </stage>
  <stage stageid="9a96325f-9697-4d30-8bd0-c4fdef0fa49f" name="Compose" type="Navigate">
    <subsheetid>9885ae97-d760-4e43-9945-fb5d80421c6c</subsheetid>
    <loginhibit />
    <narrative>
    </narrative>
    <displayx>15</displayx>
    <displayy>180</displayy>
    <displaywidth>60</displaywidth>
    <displayheight>30</displayheight>
    <font family="Segoe UI" size="10" style="Regular" color="000000" />
    <onsuccess>61bf899d-5641-4628-a13d-cdd30d3eb694</onsuccess>
    <step>
      <element id="9b6aa871-2c18-40ff-ae55-468bf6a3097f" />
      <action>
        <id>AAClickCentre</id>
        <arguments>
          <argument>
            <id>newtext</id>
            <value>
            </value>
          </argument>
        </arguments>
      </action>
    </step>
  </stage>
  <stage stageid="7fa281cc-c5d3-46f4-8c3d-df19168fe780" name="Email ID" type="Write">
    <subsheetid>9885ae97-d760-4e43-9945-fb5d80421c6c</subsheetid>
    <loginhibit />
    <narrative>
    </narrative>
    <displayx>15</displayx>
    <displayy>225</displayy>
    <displaywidth>60</displaywidth>
    <displayheight>30</displayheight>
    <font family="Segoe UI" size="10" style="Regular" color="000000" />
    <onsuccess>1e67625c-54ac-42cf-9b69-51e689f055a9</onsuccess>
    <step expr="[Email ID]">
      <element id="84e47143-011b-456e-95dd-77c65fb5eb0b" />
    </step>
  </stage>
  <stage stageid="8fbfed6e-c1f4-40d8-bfcd-00397804a027" name="Email ID" type="Data">
    <subsheetid>9885ae97-d760-4e43-9945-fb5d80421c6c</subsheetid>
    <loginhibit />
    <narrative>
    </narrative>
    <displayx>-165</displayx>
    <displayy>225</displayy>
    <displaywidth>60</displaywidth>
    <displayheight>30</displayheight>
    <font family="Segoe UI" size="10" style="Regular" color="000000" />
    <datatype>text</datatype>
    <initialvalue xml:space="preserve">smartretail.iot@gmail.com</initialvalue>
    <private />
    <alwaysinit />
  </stage>
  <stage stageid="1e67625c-54ac-42cf-9b69-51e689f055a9" name="Subject" type="Write">
    <subsheetid>9885ae97-d760-4e43-9945-fb5d80421c6c</subsheetid>
    <loginhibit />
    <narrative>
    </narrative>
    <displayx>15</displayx>
    <displayy>270</displayy>
    <displaywidth>60</displaywidth>
    <displayheight>30</displayheight>
    <font family="Segoe UI" size="10" style="Regular" color="000000" />
    <onsuccess>54e69452-ad2b-4013-a497-485ba9a1879d</onsuccess>
    <step expr="[Subject]">
      <element id="ebea9a9f-8393-49a4-a657-5ff2951a5c69" />
    </step>
  </stage>
  <stage stageid="9d5bae74-57cf-4b9b-b8a9-6f10246ff88f" name="Subject" type="Data">
    <subsheetid>9885ae97-d760-4e43-9945-fb5d80421c6c</subsheetid>
    <loginhibit />
    <narrative>
    </narrative>
    <displayx>-165</displayx>
    <displayy>270</displayy>
    <displaywidth>60</displaywidth>
    <displayheight>30</displayheight>
    <font family="Segoe UI" size="10" style="Regular" color="000000" />
    <datatype>text</datatype>
    <initialvalue xml:space="preserve">Testing Blue Prism</initialvalue>
    <private />
    <alwaysinit />
  </stage>
  <stage stageid="54e69452-ad2b-4013-a497-485ba9a1879d" name="Send" type="Navigate">
    <subsheetid>9885ae97-d760-4e43-9945-fb5d80421c6c</subsheetid>
    <loginhibit />
    <narrative>
    </narrative>
    <displayx>15</displayx>
    <displayy>315</displayy>
    <displaywidth>60</displaywidth>
    <displayheight>30</displayheight>
    <font family="Segoe UI" size="10" style="Regular" color="000000" />
    <onsuccess>96e2c2d7-b84b-406a-b791-2b78b4861df1</onsuccess>
    <step>
      <element id="748d737f-a416-41d4-80ff-27e03234ca5a" />
      <action>
        <id>AAClickCentre</id>
        <arguments>
          <argument>
            <id>newtext</id>
            <value>
            </value>
          </argument>
        </arguments>
      </action>
    </step>
  </stage>
  <stage stageid="317df6a8-8c41-4a25-bdeb-f2eb123ccb5a" name="Time Out4" type="WaitEnd">
    <subsheetid>9885ae97-d760-4e43-9945-fb5d80421c6c</subsheetid>
    <loginhibit />
    <narrative>
    </narrative>
    <displayx>135</displayx>
    <displayy>255</displayy>
    <displaywidth>30</displaywidth>
    <displayheight>30</displayheight>
    <font family="Segoe UI" size="10" style="Regular" color="000000" />
    <onsuccess>7fa281cc-c5d3-46f4-8c3d-df19168fe780</onsuccess>
    <groupid>0e4e0348-3568-4e44-acca-a8d97d772502</groupid>
  </stage>
  <stage stageid="61bf899d-5641-4628-a13d-cdd30d3eb694" name="Wait4" type="WaitStart">
    <subsheetid>9885ae97-d760-4e43-9945-fb5d80421c6c</subsheetid>
    <loginhibit />
    <narrative>
    </narrative>
    <displayx>135</displayx>
    <displayy>210</displayy>
    <displaywidth>30</displaywidth>
    <displayheight>30</displayheight>
    <font family="Segoe UI" size="10" style="Regular" color="000000" />
    <groupid>0e4e0348-3568-4e44-acca-a8d97d772502</groupid>
    <choices>
      <choice reply="True">
        <name>MailID-Text-Html Check Exists</name>
        <distance>20</distance>
        <ontrue>7fa281cc-c5d3-46f4-8c3d-df19168fe780</ontrue>
        <element id="84e47143-011b-456e-95dd-77c65fb5eb0b" />
        <condition>
          <id>CheckExists</id>
        </condition>
        <comparetype>Equal</comparetype>
      </choice>
    </choices>
    <timeout>10</timeout>
  </stage>
  <stage stageid="ae635d79-b9b5-48d5-a8d0-5f1f4220f56f" name="Time Out5" type="WaitEnd">
    <subsheetid>9885ae97-d760-4e43-9945-fb5d80421c6c</subsheetid>
    <loginhibit />
    <narrative>
    </narrative>
    <displayx>135</displayx>
    <displayy>345</displayy>
    <displaywidth>30</displaywidth>
    <displayheight>30</displayheight>
    <font family="Segoe UI" size="10" style="Regular" color="000000" />
    <onsuccess>67089b6e-83b7-4b1c-b84d-42e57f52c5c1</onsuccess>
    <groupid>5d459dc7-f96b-42ec-928d-3afd400876f1</groupid>
  </stage>
  <stage stageid="96e2c2d7-b84b-406a-b791-2b78b4861df1" name="Wait5" type="WaitStart">
    <subsheetid>9885ae97-d760-4e43-9945-fb5d80421c6c</subsheetid>
    <loginhibit />
    <narrative>
    </narrative>
    <displayx>135</displayx>
    <displayy>300</displayy>
    <displaywidth>30</displaywidth>
    <displayheight>30</displayheight>
    <font family="Segoe UI" size="10" style="Regular" color="000000" />
    <groupid>5d459dc7-f96b-42ec-928d-3afd400876f1</groupid>
    <choices />
    <timeout>
    </timeout>
  </stage>
</process>