﻿<process name="PR_Gmail Launch" version="1.0" bpversion="6.4.0.8445" narrative="Launching Gmail Sign In and Logging In" byrefcollection="true" preferredid="dd62429c-086d-4345-99ff-58886f476d8c">
  <view>
    <camerax>0</camerax>
    <cameray>0</cameray>
    <zoom version="2">1.25</zoom>
  </view>
  <preconditions />
  <endpoint narrative="" />
  <stage stageid="d2a926f2-a95d-4321-9aa9-67c345f5a2af" name="Start" type="Start">
    <narrative>
    </narrative>
    <displayx>15</displayx>
    <displayy>-105</displayy>
    <displaywidth>60</displaywidth>
    <displayheight>30</displayheight>
    <font family="Segoe UI" size="10" style="Regular" color="000000" />
    <onsuccess>42d33087-4bfa-4ffd-b39e-cc5464499b9b</onsuccess>
  </stage>
  <stage stageid="d89d984b-8407-4a2d-b50e-c7e6bb397f91" name="End" type="End">
    <narrative>
    </narrative>
    <displayx>15</displayx>
    <displayy>90</displayy>
    <displaywidth>60</displaywidth>
    <displayheight>30</displayheight>
    <font family="Segoe UI" size="10" style="Regular" color="000000" />
  </stage>
  <stage stageid="3842dcfe-47e1-4a5e-af85-27be4afc3df4" name="Stage1" type="ProcessInfo">
    <narrative>
    </narrative>
    <displayx>-195</displayx>
    <displayy>-105</displayy>
    <displaywidth>150</displaywidth>
    <displayheight>90</displayheight>
    <font family="Segoe UI" size="10" style="Regular" color="000000" />
  </stage>
  <stage stageid="42d33087-4bfa-4ffd-b39e-cc5464499b9b" name="Gmail Lauch Calling" type="Action">
    <narrative>
    </narrative>
    <displayx>15</displayx>
    <displayy>-15</displayy>
    <displaywidth>60</displaywidth>
    <displayheight>30</displayheight>
    <font family="Segoe UI" size="10" style="Regular" color="000000" />
    <onsuccess>d89d984b-8407-4a2d-b50e-c7e6bb397f91</onsuccess>
    <resource object="Gmail Launch" action="Gmail Launch" />
  </stage>
</process>